{"cameraMode":{"drawMode":0,"name":"Shaded","section":"Shading Mode"},"sceneLighting":true,"audioPlay":false,"sceneViewState":{"showFog":true,"showMaterialUpdate":false,"showSkybox":true,"showFlares":true,"showImageEffects":true,"showParticleSystems":true},"in2DMode":false,"pivot":{"x":3.6498606204986574,"y":-2.8308238983154299,"z":0.8581514358520508},"rotation":{"x":-0.3492301404476166,"y":-0.2277267724275589,"z":0.0879058837890625,"w":-0.904691219329834},"size":8.755794525146485,"orthographic":false}