{"cameraMode":{"drawMode":0,"name":"Shaded","section":"Shading Mode"},"sceneLighting":true,"audioPlay":false,"sceneViewState":{"showFog":true,"showMaterialUpdate":false,"showSkybox":true,"showFlares":true,"showImageEffects":true,"showParticleSystems":true},"in2DMode":false,"pivot":{"x":2.0134966373443605,"y":-0.32953405380249026,"z":0.02086794376373291},"rotation":{"x":-0.5671356916427612,"y":-0.29577475786209109,"z":0.22855915129184724,"w":-0.7339271903038025},"size":4.274832725524902,"orthographic":false}